--
-- PostgreSQL database dump
--

-- Dumped from database version 17.2
-- Dumped by pg_dump version 17.2

-- Started on 2025-08-27 18:22:31

SET statement_timeout = 0;
SET lock_timeout = 0;
SET idle_in_transaction_session_timeout = 0;
SET client_encoding = 'UTF8';
SET standard_conforming_strings = on;
SELECT pg_catalog.set_config('search_path', '', false);
SET check_function_bodies = false;
SET xmloption = content;
SET client_min_messages = warning;
SET row_security = off;

SET default_tablespace = '';

SET default_table_access_method = heap;

--
-- TOC entry 224 (class 1259 OID 95221)
-- Name: auth_group; Type: TABLE; Schema: public; Owner: postgres
--

CREATE TABLE public.auth_group (
    id integer NOT NULL,
    name character varying(150) NOT NULL
);


ALTER TABLE public.auth_group OWNER TO postgres;

--
-- TOC entry 223 (class 1259 OID 95220)
-- Name: auth_group_id_seq; Type: SEQUENCE; Schema: public; Owner: postgres
--

ALTER TABLE public.auth_group ALTER COLUMN id ADD GENERATED BY DEFAULT AS IDENTITY (
    SEQUENCE NAME public.auth_group_id_seq
    START WITH 1
    INCREMENT BY 1
    NO MINVALUE
    NO MAXVALUE
    CACHE 1
);


--
-- TOC entry 226 (class 1259 OID 95229)
-- Name: auth_group_permissions; Type: TABLE; Schema: public; Owner: postgres
--

CREATE TABLE public.auth_group_permissions (
    id bigint NOT NULL,
    group_id integer NOT NULL,
    permission_id integer NOT NULL
);


ALTER TABLE public.auth_group_permissions OWNER TO postgres;

--
-- TOC entry 225 (class 1259 OID 95228)
-- Name: auth_group_permissions_id_seq; Type: SEQUENCE; Schema: public; Owner: postgres
--

ALTER TABLE public.auth_group_permissions ALTER COLUMN id ADD GENERATED BY DEFAULT AS IDENTITY (
    SEQUENCE NAME public.auth_group_permissions_id_seq
    START WITH 1
    INCREMENT BY 1
    NO MINVALUE
    NO MAXVALUE
    CACHE 1
);


--
-- TOC entry 222 (class 1259 OID 95215)
-- Name: auth_permission; Type: TABLE; Schema: public; Owner: postgres
--

CREATE TABLE public.auth_permission (
    id integer NOT NULL,
    name character varying(255) NOT NULL,
    content_type_id integer NOT NULL,
    codename character varying(100) NOT NULL
);


ALTER TABLE public.auth_permission OWNER TO postgres;

--
-- TOC entry 221 (class 1259 OID 95214)
-- Name: auth_permission_id_seq; Type: SEQUENCE; Schema: public; Owner: postgres
--

ALTER TABLE public.auth_permission ALTER COLUMN id ADD GENERATED BY DEFAULT AS IDENTITY (
    SEQUENCE NAME public.auth_permission_id_seq
    START WITH 1
    INCREMENT BY 1
    NO MINVALUE
    NO MAXVALUE
    CACHE 1
);


--
-- TOC entry 228 (class 1259 OID 95235)
-- Name: auth_user; Type: TABLE; Schema: public; Owner: postgres
--

CREATE TABLE public.auth_user (
    id integer NOT NULL,
    password character varying(128) NOT NULL,
    last_login timestamp with time zone,
    is_superuser boolean NOT NULL,
    username character varying(150) NOT NULL,
    first_name character varying(150) NOT NULL,
    last_name character varying(150) NOT NULL,
    email character varying(254) NOT NULL,
    is_staff boolean NOT NULL,
    is_active boolean NOT NULL,
    date_joined timestamp with time zone NOT NULL
);


ALTER TABLE public.auth_user OWNER TO postgres;

--
-- TOC entry 230 (class 1259 OID 95243)
-- Name: auth_user_groups; Type: TABLE; Schema: public; Owner: postgres
--

CREATE TABLE public.auth_user_groups (
    id bigint NOT NULL,
    user_id integer NOT NULL,
    group_id integer NOT NULL
);


ALTER TABLE public.auth_user_groups OWNER TO postgres;

--
-- TOC entry 229 (class 1259 OID 95242)
-- Name: auth_user_groups_id_seq; Type: SEQUENCE; Schema: public; Owner: postgres
--

ALTER TABLE public.auth_user_groups ALTER COLUMN id ADD GENERATED BY DEFAULT AS IDENTITY (
    SEQUENCE NAME public.auth_user_groups_id_seq
    START WITH 1
    INCREMENT BY 1
    NO MINVALUE
    NO MAXVALUE
    CACHE 1
);


--
-- TOC entry 227 (class 1259 OID 95234)
-- Name: auth_user_id_seq; Type: SEQUENCE; Schema: public; Owner: postgres
--

ALTER TABLE public.auth_user ALTER COLUMN id ADD GENERATED BY DEFAULT AS IDENTITY (
    SEQUENCE NAME public.auth_user_id_seq
    START WITH 1
    INCREMENT BY 1
    NO MINVALUE
    NO MAXVALUE
    CACHE 1
);


--
-- TOC entry 232 (class 1259 OID 95249)
-- Name: auth_user_user_permissions; Type: TABLE; Schema: public; Owner: postgres
--

CREATE TABLE public.auth_user_user_permissions (
    id bigint NOT NULL,
    user_id integer NOT NULL,
    permission_id integer NOT NULL
);


ALTER TABLE public.auth_user_user_permissions OWNER TO postgres;

--
-- TOC entry 231 (class 1259 OID 95248)
-- Name: auth_user_user_permissions_id_seq; Type: SEQUENCE; Schema: public; Owner: postgres
--

ALTER TABLE public.auth_user_user_permissions ALTER COLUMN id ADD GENERATED BY DEFAULT AS IDENTITY (
    SEQUENCE NAME public.auth_user_user_permissions_id_seq
    START WITH 1
    INCREMENT BY 1
    NO MINVALUE
    NO MAXVALUE
    CACHE 1
);


--
-- TOC entry 234 (class 1259 OID 95307)
-- Name: django_admin_log; Type: TABLE; Schema: public; Owner: postgres
--

CREATE TABLE public.django_admin_log (
    id integer NOT NULL,
    action_time timestamp with time zone NOT NULL,
    object_id text,
    object_repr character varying(200) NOT NULL,
    action_flag smallint NOT NULL,
    change_message text NOT NULL,
    content_type_id integer,
    user_id integer NOT NULL,
    CONSTRAINT django_admin_log_action_flag_check CHECK ((action_flag >= 0))
);


ALTER TABLE public.django_admin_log OWNER TO postgres;

--
-- TOC entry 233 (class 1259 OID 95306)
-- Name: django_admin_log_id_seq; Type: SEQUENCE; Schema: public; Owner: postgres
--

ALTER TABLE public.django_admin_log ALTER COLUMN id ADD GENERATED BY DEFAULT AS IDENTITY (
    SEQUENCE NAME public.django_admin_log_id_seq
    START WITH 1
    INCREMENT BY 1
    NO MINVALUE
    NO MAXVALUE
    CACHE 1
);


--
-- TOC entry 220 (class 1259 OID 95207)
-- Name: django_content_type; Type: TABLE; Schema: public; Owner: postgres
--

CREATE TABLE public.django_content_type (
    id integer NOT NULL,
    app_label character varying(100) NOT NULL,
    model character varying(100) NOT NULL
);


ALTER TABLE public.django_content_type OWNER TO postgres;

--
-- TOC entry 219 (class 1259 OID 95206)
-- Name: django_content_type_id_seq; Type: SEQUENCE; Schema: public; Owner: postgres
--

ALTER TABLE public.django_content_type ALTER COLUMN id ADD GENERATED BY DEFAULT AS IDENTITY (
    SEQUENCE NAME public.django_content_type_id_seq
    START WITH 1
    INCREMENT BY 1
    NO MINVALUE
    NO MAXVALUE
    CACHE 1
);


--
-- TOC entry 218 (class 1259 OID 95199)
-- Name: django_migrations; Type: TABLE; Schema: public; Owner: postgres
--

CREATE TABLE public.django_migrations (
    id bigint NOT NULL,
    app character varying(255) NOT NULL,
    name character varying(255) NOT NULL,
    applied timestamp with time zone NOT NULL
);


ALTER TABLE public.django_migrations OWNER TO postgres;

--
-- TOC entry 217 (class 1259 OID 95198)
-- Name: django_migrations_id_seq; Type: SEQUENCE; Schema: public; Owner: postgres
--

ALTER TABLE public.django_migrations ALTER COLUMN id ADD GENERATED BY DEFAULT AS IDENTITY (
    SEQUENCE NAME public.django_migrations_id_seq
    START WITH 1
    INCREMENT BY 1
    NO MINVALUE
    NO MAXVALUE
    CACHE 1
);


--
-- TOC entry 235 (class 1259 OID 95335)
-- Name: django_session; Type: TABLE; Schema: public; Owner: postgres
--

CREATE TABLE public.django_session (
    session_key character varying(40) NOT NULL,
    session_data text NOT NULL,
    expire_date timestamp with time zone NOT NULL
);


ALTER TABLE public.django_session OWNER TO postgres;

--
-- TOC entry 237 (class 1259 OID 95345)
-- Name: vacations_country; Type: TABLE; Schema: public; Owner: postgres
--

CREATE TABLE public.vacations_country (
    id bigint NOT NULL,
    name character varying(50) NOT NULL
);


ALTER TABLE public.vacations_country OWNER TO postgres;

--
-- TOC entry 236 (class 1259 OID 95344)
-- Name: vacations_country_id_seq; Type: SEQUENCE; Schema: public; Owner: postgres
--

ALTER TABLE public.vacations_country ALTER COLUMN id ADD GENERATED BY DEFAULT AS IDENTITY (
    SEQUENCE NAME public.vacations_country_id_seq
    START WITH 1
    INCREMENT BY 1
    NO MINVALUE
    NO MAXVALUE
    CACHE 1
);


--
-- TOC entry 245 (class 1259 OID 95377)
-- Name: vacations_like; Type: TABLE; Schema: public; Owner: postgres
--

CREATE TABLE public.vacations_like (
    id bigint NOT NULL,
    user_id bigint NOT NULL,
    vacation_id bigint NOT NULL
);


ALTER TABLE public.vacations_like OWNER TO postgres;

--
-- TOC entry 244 (class 1259 OID 95376)
-- Name: vacations_like_id_seq; Type: SEQUENCE; Schema: public; Owner: postgres
--

ALTER TABLE public.vacations_like ALTER COLUMN id ADD GENERATED BY DEFAULT AS IDENTITY (
    SEQUENCE NAME public.vacations_like_id_seq
    START WITH 1
    INCREMENT BY 1
    NO MINVALUE
    NO MAXVALUE
    CACHE 1
);


--
-- TOC entry 239 (class 1259 OID 95353)
-- Name: vacations_role; Type: TABLE; Schema: public; Owner: postgres
--

CREATE TABLE public.vacations_role (
    id bigint NOT NULL,
    name character varying(50) NOT NULL
);


ALTER TABLE public.vacations_role OWNER TO postgres;

--
-- TOC entry 238 (class 1259 OID 95352)
-- Name: vacations_role_id_seq; Type: SEQUENCE; Schema: public; Owner: postgres
--

ALTER TABLE public.vacations_role ALTER COLUMN id ADD GENERATED BY DEFAULT AS IDENTITY (
    SEQUENCE NAME public.vacations_role_id_seq
    START WITH 1
    INCREMENT BY 1
    NO MINVALUE
    NO MAXVALUE
    CACHE 1
);


--
-- TOC entry 241 (class 1259 OID 95361)
-- Name: vacations_user; Type: TABLE; Schema: public; Owner: postgres
--

CREATE TABLE public.vacations_user (
    id bigint NOT NULL,
    first_name character varying(50) NOT NULL,
    last_name character varying(50) NOT NULL,
    email character varying(254) NOT NULL,
    password character varying(128) NOT NULL,
    role_id bigint NOT NULL,
    is_staff boolean NOT NULL
);


ALTER TABLE public.vacations_user OWNER TO postgres;

--
-- TOC entry 240 (class 1259 OID 95360)
-- Name: vacations_user_id_seq; Type: SEQUENCE; Schema: public; Owner: postgres
--

ALTER TABLE public.vacations_user ALTER COLUMN id ADD GENERATED BY DEFAULT AS IDENTITY (
    SEQUENCE NAME public.vacations_user_id_seq
    START WITH 1
    INCREMENT BY 1
    NO MINVALUE
    NO MAXVALUE
    CACHE 1
);


--
-- TOC entry 243 (class 1259 OID 95369)
-- Name: vacations_vacation; Type: TABLE; Schema: public; Owner: postgres
--

CREATE TABLE public.vacations_vacation (
    id bigint NOT NULL,
    description text NOT NULL,
    start_date date NOT NULL,
    end_date date NOT NULL,
    price numeric(8,2) NOT NULL,
    image_filename character varying(255) NOT NULL,
    country_id bigint NOT NULL
);


ALTER TABLE public.vacations_vacation OWNER TO postgres;

--
-- TOC entry 242 (class 1259 OID 95368)
-- Name: vacations_vacation_id_seq; Type: SEQUENCE; Schema: public; Owner: postgres
--

ALTER TABLE public.vacations_vacation ALTER COLUMN id ADD GENERATED BY DEFAULT AS IDENTITY (
    SEQUENCE NAME public.vacations_vacation_id_seq
    START WITH 1
    INCREMENT BY 1
    NO MINVALUE
    NO MAXVALUE
    CACHE 1
);


--
-- TOC entry 4948 (class 0 OID 95221)
-- Dependencies: 224
-- Data for Name: auth_group; Type: TABLE DATA; Schema: public; Owner: postgres
--

COPY public.auth_group (id, name) FROM stdin;
\.


--
-- TOC entry 4950 (class 0 OID 95229)
-- Dependencies: 226
-- Data for Name: auth_group_permissions; Type: TABLE DATA; Schema: public; Owner: postgres
--

COPY public.auth_group_permissions (id, group_id, permission_id) FROM stdin;
\.


--
-- TOC entry 4946 (class 0 OID 95215)
-- Dependencies: 222
-- Data for Name: auth_permission; Type: TABLE DATA; Schema: public; Owner: postgres
--

COPY public.auth_permission (id, name, content_type_id, codename) FROM stdin;
1	Can add log entry	1	add_logentry
2	Can change log entry	1	change_logentry
3	Can delete log entry	1	delete_logentry
4	Can view log entry	1	view_logentry
5	Can add permission	2	add_permission
6	Can change permission	2	change_permission
7	Can delete permission	2	delete_permission
8	Can view permission	2	view_permission
9	Can add group	3	add_group
10	Can change group	3	change_group
11	Can delete group	3	delete_group
12	Can view group	3	view_group
13	Can add user	4	add_user
14	Can change user	4	change_user
15	Can delete user	4	delete_user
16	Can view user	4	view_user
17	Can add content type	5	add_contenttype
18	Can change content type	5	change_contenttype
19	Can delete content type	5	delete_contenttype
20	Can view content type	5	view_contenttype
21	Can add session	6	add_session
22	Can change session	6	change_session
23	Can delete session	6	delete_session
24	Can view session	6	view_session
25	Can add role	7	add_role
26	Can change role	7	change_role
27	Can delete role	7	delete_role
28	Can view role	7	view_role
29	Can add user	8	add_user
30	Can change user	8	change_user
31	Can delete user	8	delete_user
32	Can view user	8	view_user
33	Can add country	9	add_country
34	Can change country	9	change_country
35	Can delete country	9	delete_country
36	Can view country	9	view_country
37	Can add vacation	10	add_vacation
38	Can change vacation	10	change_vacation
39	Can delete vacation	10	delete_vacation
40	Can view vacation	10	view_vacation
41	Can add like	11	add_like
42	Can change like	11	change_like
43	Can delete like	11	delete_like
44	Can view like	11	view_like
\.


--
-- TOC entry 4952 (class 0 OID 95235)
-- Dependencies: 228
-- Data for Name: auth_user; Type: TABLE DATA; Schema: public; Owner: postgres
--

COPY public.auth_user (id, password, last_login, is_superuser, username, first_name, last_name, email, is_staff, is_active, date_joined) FROM stdin;
1	pbkdf2_sha256$1000000$DgNeXIlJ5yfyYvOMsA3VyM$kYQfDLOF56Z+9PAr94MWYLQ03jAfqC/OVeVZoWxZL58=	2025-08-02 19:49:08.465309+03	t	admin			admin@gmail.com	t	t	2025-07-29 21:49:45.365151+03
\.


--
-- TOC entry 4954 (class 0 OID 95243)
-- Dependencies: 230
-- Data for Name: auth_user_groups; Type: TABLE DATA; Schema: public; Owner: postgres
--

COPY public.auth_user_groups (id, user_id, group_id) FROM stdin;
\.


--
-- TOC entry 4956 (class 0 OID 95249)
-- Dependencies: 232
-- Data for Name: auth_user_user_permissions; Type: TABLE DATA; Schema: public; Owner: postgres
--

COPY public.auth_user_user_permissions (id, user_id, permission_id) FROM stdin;
\.


--
-- TOC entry 4958 (class 0 OID 95307)
-- Dependencies: 234
-- Data for Name: django_admin_log; Type: TABLE DATA; Schema: public; Owner: postgres
--

COPY public.django_admin_log (id, action_time, object_id, object_repr, action_flag, change_message, content_type_id, user_id) FROM stdin;
1	2025-07-29 21:55:29.777421+03	2	admin@admin.com	1	[{"added": {}}]	4	1
2	2025-07-29 22:02:02.282329+03	2	admin@admin.com	2	[{"changed": {"fields": ["password"]}}]	4	1
3	2025-07-29 22:03:21.308373+03	2	admin@admin.com	2	[{"changed": {"fields": ["Staff status", "Superuser status", "User permissions"]}}]	4	1
4	2025-07-29 22:07:57.382547+03	2	admin@admin.com	2	[{"changed": {"fields": ["password"]}}]	4	1
5	2025-07-29 22:17:02.596574+03	2	admin@admin.com	3		4	1
6	2025-07-29 22:39:12.49939+03	8	User object (8)	2	[]	8	1
7	2025-07-29 22:51:00.603922+03	9	User object (9)	2	[{"changed": {"fields": ["Password"]}}]	8	1
\.


--
-- TOC entry 4944 (class 0 OID 95207)
-- Dependencies: 220
-- Data for Name: django_content_type; Type: TABLE DATA; Schema: public; Owner: postgres
--

COPY public.django_content_type (id, app_label, model) FROM stdin;
1	admin	logentry
2	auth	permission
3	auth	group
4	auth	user
5	contenttypes	contenttype
6	sessions	session
7	vacations	role
8	vacations	user
9	vacations	country
10	vacations	vacation
11	vacations	like
\.


--
-- TOC entry 4942 (class 0 OID 95199)
-- Dependencies: 218
-- Data for Name: django_migrations; Type: TABLE DATA; Schema: public; Owner: postgres
--

COPY public.django_migrations (id, app, name, applied) FROM stdin;
1	contenttypes	0001_initial	2025-06-21 15:09:50.300433+03
2	auth	0001_initial	2025-06-21 15:09:50.372552+03
3	admin	0001_initial	2025-06-21 15:09:50.392061+03
4	admin	0002_logentry_remove_auto_add	2025-06-21 15:09:50.399378+03
5	admin	0003_logentry_add_action_flag_choices	2025-06-21 15:09:50.405329+03
6	contenttypes	0002_remove_content_type_name	2025-06-21 15:09:50.42245+03
7	auth	0002_alter_permission_name_max_length	2025-06-21 15:09:50.43186+03
8	auth	0003_alter_user_email_max_length	2025-06-21 15:09:50.4385+03
9	auth	0004_alter_user_username_opts	2025-06-21 15:09:50.447138+03
10	auth	0005_alter_user_last_login_null	2025-06-21 15:09:50.45338+03
11	auth	0006_require_contenttypes_0002	2025-06-21 15:09:50.454635+03
12	auth	0007_alter_validators_add_error_messages	2025-06-21 15:09:50.464779+03
13	auth	0008_alter_user_username_max_length	2025-06-21 15:09:50.475533+03
14	auth	0009_alter_user_last_name_max_length	2025-06-21 15:09:50.484189+03
15	auth	0010_alter_group_name_max_length	2025-06-21 15:09:50.492608+03
16	auth	0011_update_proxy_permissions	2025-06-21 15:09:50.500909+03
17	auth	0012_alter_user_first_name_max_length	2025-06-21 15:09:50.508329+03
18	sessions	0001_initial	2025-06-21 15:09:50.518404+03
19	vacations	0001_initial	2025-06-21 15:09:50.569174+03
20	vacations	0002_user_is_staff	2025-06-30 00:22:26.818154+03
\.


--
-- TOC entry 4959 (class 0 OID 95335)
-- Dependencies: 235
-- Data for Name: django_session; Type: TABLE DATA; Schema: public; Owner: postgres
--

COPY public.django_session (session_key, session_data, expire_date) FROM stdin;
v1yora1kvwbdlewmiep17qykdoybtata	eyJ1c2VyX2lkIjo5fQ:1uqF2V:BWc-5w6CcjWGMblAT4DZKOvGz5uKhpXmD0OqOb4PIMQ	2025-09-07 21:01:59.552946+03
3hkzllgqnlbh48xs1nlslof2c1h48p4s	eyJ1c2VyX2lkIjo5fQ:1uqzNu:vL_X7F4SWueDfgtfVQ_XDz0nhz1K7uwDIgvRblGG8LM	2025-09-09 22:31:10.088396+03
rcemfz5fgnrbopo6qs0grdzw2euhqzdm	.eJxVjDsOwjAQBe_iGlmONwYvJT1nsLyf4ABypDipEHeHSCmgfTPzXibldSlpbTqnUczZdObwu1Hmh9YNyD3X22R5qss8kt0Uu9Nmr5Po87K7fwclt_KtA2sUjgwEkQYNzBgJI6jvvXSn_iiRssCALjCBOAF0HpWEMjr03rw_C2M4mw:1uiFPw:Fh-l0LqCMdYh9XcnpvBUuyQt9Jqd2sedF_3D5xhl5u4	2025-08-16 19:49:08.470115+03
xbtdj3n6hhclh5y0lya9yh8jaiznwp5r	eyJ1c2VyX2lkIjoxfQ:1uiIVY:wXGJhxjWUJck8VKbZnA5tfvuFHlTLDdUBcgD-wjyY2Q	2025-08-16 23:07:08.811976+03
saiuhz0g31mkt7lp9faw72g730onwedi	eyJ1c2VyX2lkIjoxfQ:1uon5N:Mn2fLM5lAIU173tE11Bp7LUgEeyRvpDJ3olbuaxQLKQ	2025-09-03 20:58:57.653351+03
s0u09beys1blsxewvg3bor5f3rie8zed	eyJ1c2VyX2lkIjoxfQ:1upstH:fggvG_xmwf0UuAtgMR2o6YQ_OKH1LFLo7aUzdQ8RSM8	2025-09-06 21:22:59.251454+03
u79w55yu964pbxvwg7c9hc5z0z2m7o6y	eyJ1c2VyX2lkIjo5fQ:1uqB2D:8J2_KeW8VGK9fl5J4eF1Z2rXi9mRc8m0_Cm0CzIsfJs	2025-09-07 16:45:25.862408+03
5x6mujm6gf43gz5ekb4fiyy4hk6z4xst	eyJ1c2VyX2lkIjo5fQ:1uqDhR:whU7oLCOklJziwERLaaQat_hSeyAP0jvDveN-P4z5rc	2025-09-07 19:36:09.876852+03
l7y16e2b08pey81wlizyg5unvj3er8u2	eyJ1c2VyX2lkIjo5fQ:1uqEJi:rXMpMWFzIa_HgtJ4h94vRJCP1mp1GSRGabSzPxjZl2g	2025-09-07 20:15:42.195409+03
\.


--
-- TOC entry 4961 (class 0 OID 95345)
-- Dependencies: 237
-- Data for Name: vacations_country; Type: TABLE DATA; Schema: public; Owner: postgres
--

COPY public.vacations_country (id, name) FROM stdin;
1	Israel
2	USA
3	France
4	Germany
5	Italy
6	Spain
7	Canada
8	Brazil
9	Japan
10	Mexico
\.


--
-- TOC entry 4969 (class 0 OID 95377)
-- Dependencies: 245
-- Data for Name: vacations_like; Type: TABLE DATA; Schema: public; Owner: postgres
--

COPY public.vacations_like (id, user_id, vacation_id) FROM stdin;
1	3	2
3	3	5
4	3	8
5	3	10
6	3	11
7	4	2
8	4	1
9	4	5
10	4	4
11	4	11
12	5	2
13	5	8
14	6	2
15	6	1
16	6	5
17	6	9
18	6	8
19	6	12
20	6	11
21	6	10
23	7	2
24	7	1
25	10	1
26	10	2
27	10	3
28	3	9
29	3	12
30	3	7
31	3	6
32	3	13
33	12	13
34	3	1
36	3	3
\.


--
-- TOC entry 4963 (class 0 OID 95353)
-- Dependencies: 239
-- Data for Name: vacations_role; Type: TABLE DATA; Schema: public; Owner: postgres
--

COPY public.vacations_role (id, name) FROM stdin;
1	admin
2	user
\.


--
-- TOC entry 4965 (class 0 OID 95361)
-- Dependencies: 241
-- Data for Name: vacations_user; Type: TABLE DATA; Schema: public; Owner: postgres
--

COPY public.vacations_user (id, first_name, last_name, email, password, role_id, is_staff) FROM stdin;
3	Sol	Eamatzhika	sol@gmail.com	12345678	2	f
4	Natali	eaahova	nat@gmail.com	12345678	2	f
5	Yossi	eayef	yossi@gmail.com	12345678	2	f
6	Meg	Megit	meg@gmail.com	12345678	2	f
7	tnia	ta	tania@gmail.com	12345678	2	f
9	Admin	User	admin@admin.com	adminadmin	1	t
10	ophir	gal	ophir@mail.com	ophir123	2	f
11	yaeli	cohen	yaeli@gmail.com	12345678	2	f
12	ilia	lov	ilia@gmail.com	12345678	2	f
1	Admin	Manager	admin@example.com	adminpass	1	t
2	Dan	Doe	Dan@example.com	Danpass	2	f
\.


--
-- TOC entry 4967 (class 0 OID 95369)
-- Dependencies: 243
-- Data for Name: vacations_vacation; Type: TABLE DATA; Schema: public; Owner: postgres
--

COPY public.vacations_vacation (id, description, start_date, end_date, price, image_filename, country_id) FROM stdin;
1	Beach in Tel Aviv	2025-07-10	2025-07-20	2500.00	tel_aviv.jpg	1
3	Paris Adventure	2025-09-05	2025-09-15	3000.00	paris.jpg	3
4	Berlin History Tour	2025-10-10	2025-10-20	2700.00	berlin.jpg	4
5	Rome Exploration	2025-11-01	2025-11-10	3200.00	rome.jpg	5
6	Barcelona Highlights	2025-12-15	2025-12-25	2800.00	barcelona.jpg	6
7	Canadian Rockies	2026-01-10	2026-01-20	4000.00	rockies.jpg	7
8	Brazil Carnival	2026-02-15	2026-02-25	4500.00	brazil.jpg	8
9	Tokyo Cherry Blossoms	2026-03-20	2026-03-30	5000.00	tokyo.jpg	9
10	Mexico City Culture	2026-04-05	2026-04-15	3300.00	mexico.jpg	10
11	Dead Sea Relaxation	2026-05-01	2026-05-10	2200.00	deadsea.jpg	1
12	Miami Beach	2026-06-10	2026-06-20	3600.00	miami.jpg	2
13	israel	2025-07-16	2025-08-08	2134.00	africa_tour.jpg	5
2	USA Vacation	2025-08-24	2025-09-05	100.00	nyc.jpg	2
\.


--
-- TOC entry 4975 (class 0 OID 0)
-- Dependencies: 223
-- Name: auth_group_id_seq; Type: SEQUENCE SET; Schema: public; Owner: postgres
--

SELECT pg_catalog.setval('public.auth_group_id_seq', 1, false);


--
-- TOC entry 4976 (class 0 OID 0)
-- Dependencies: 225
-- Name: auth_group_permissions_id_seq; Type: SEQUENCE SET; Schema: public; Owner: postgres
--

SELECT pg_catalog.setval('public.auth_group_permissions_id_seq', 1, false);


--
-- TOC entry 4977 (class 0 OID 0)
-- Dependencies: 221
-- Name: auth_permission_id_seq; Type: SEQUENCE SET; Schema: public; Owner: postgres
--

SELECT pg_catalog.setval('public.auth_permission_id_seq', 44, true);


--
-- TOC entry 4978 (class 0 OID 0)
-- Dependencies: 229
-- Name: auth_user_groups_id_seq; Type: SEQUENCE SET; Schema: public; Owner: postgres
--

SELECT pg_catalog.setval('public.auth_user_groups_id_seq', 1, false);


--
-- TOC entry 4979 (class 0 OID 0)
-- Dependencies: 227
-- Name: auth_user_id_seq; Type: SEQUENCE SET; Schema: public; Owner: postgres
--

SELECT pg_catalog.setval('public.auth_user_id_seq', 2, true);


--
-- TOC entry 4980 (class 0 OID 0)
-- Dependencies: 231
-- Name: auth_user_user_permissions_id_seq; Type: SEQUENCE SET; Schema: public; Owner: postgres
--

SELECT pg_catalog.setval('public.auth_user_user_permissions_id_seq', 44, true);


--
-- TOC entry 4981 (class 0 OID 0)
-- Dependencies: 233
-- Name: django_admin_log_id_seq; Type: SEQUENCE SET; Schema: public; Owner: postgres
--

SELECT pg_catalog.setval('public.django_admin_log_id_seq', 7, true);


--
-- TOC entry 4982 (class 0 OID 0)
-- Dependencies: 219
-- Name: django_content_type_id_seq; Type: SEQUENCE SET; Schema: public; Owner: postgres
--

SELECT pg_catalog.setval('public.django_content_type_id_seq', 11, true);


--
-- TOC entry 4983 (class 0 OID 0)
-- Dependencies: 217
-- Name: django_migrations_id_seq; Type: SEQUENCE SET; Schema: public; Owner: postgres
--

SELECT pg_catalog.setval('public.django_migrations_id_seq', 20, true);


--
-- TOC entry 4984 (class 0 OID 0)
-- Dependencies: 236
-- Name: vacations_country_id_seq; Type: SEQUENCE SET; Schema: public; Owner: postgres
--

SELECT pg_catalog.setval('public.vacations_country_id_seq', 10, true);


--
-- TOC entry 4985 (class 0 OID 0)
-- Dependencies: 244
-- Name: vacations_like_id_seq; Type: SEQUENCE SET; Schema: public; Owner: postgres
--

SELECT pg_catalog.setval('public.vacations_like_id_seq', 36, true);


--
-- TOC entry 4986 (class 0 OID 0)
-- Dependencies: 238
-- Name: vacations_role_id_seq; Type: SEQUENCE SET; Schema: public; Owner: postgres
--

SELECT pg_catalog.setval('public.vacations_role_id_seq', 2, true);


--
-- TOC entry 4987 (class 0 OID 0)
-- Dependencies: 240
-- Name: vacations_user_id_seq; Type: SEQUENCE SET; Schema: public; Owner: postgres
--

SELECT pg_catalog.setval('public.vacations_user_id_seq', 12, true);


--
-- TOC entry 4988 (class 0 OID 0)
-- Dependencies: 242
-- Name: vacations_vacation_id_seq; Type: SEQUENCE SET; Schema: public; Owner: postgres
--

SELECT pg_catalog.setval('public.vacations_vacation_id_seq', 13, true);


--
-- TOC entry 4724 (class 2606 OID 95333)
-- Name: auth_group auth_group_name_key; Type: CONSTRAINT; Schema: public; Owner: postgres
--

ALTER TABLE ONLY public.auth_group
    ADD CONSTRAINT auth_group_name_key UNIQUE (name);


--
-- TOC entry 4729 (class 2606 OID 95264)
-- Name: auth_group_permissions auth_group_permissions_group_id_permission_id_0cd325b0_uniq; Type: CONSTRAINT; Schema: public; Owner: postgres
--

ALTER TABLE ONLY public.auth_group_permissions
    ADD CONSTRAINT auth_group_permissions_group_id_permission_id_0cd325b0_uniq UNIQUE (group_id, permission_id);


--
-- TOC entry 4732 (class 2606 OID 95233)
-- Name: auth_group_permissions auth_group_permissions_pkey; Type: CONSTRAINT; Schema: public; Owner: postgres
--

ALTER TABLE ONLY public.auth_group_permissions
    ADD CONSTRAINT auth_group_permissions_pkey PRIMARY KEY (id);


--
-- TOC entry 4726 (class 2606 OID 95225)
-- Name: auth_group auth_group_pkey; Type: CONSTRAINT; Schema: public; Owner: postgres
--

ALTER TABLE ONLY public.auth_group
    ADD CONSTRAINT auth_group_pkey PRIMARY KEY (id);


--
-- TOC entry 4719 (class 2606 OID 95255)
-- Name: auth_permission auth_permission_content_type_id_codename_01ab375a_uniq; Type: CONSTRAINT; Schema: public; Owner: postgres
--

ALTER TABLE ONLY public.auth_permission
    ADD CONSTRAINT auth_permission_content_type_id_codename_01ab375a_uniq UNIQUE (content_type_id, codename);


--
-- TOC entry 4721 (class 2606 OID 95219)
-- Name: auth_permission auth_permission_pkey; Type: CONSTRAINT; Schema: public; Owner: postgres
--

ALTER TABLE ONLY public.auth_permission
    ADD CONSTRAINT auth_permission_pkey PRIMARY KEY (id);


--
-- TOC entry 4740 (class 2606 OID 95247)
-- Name: auth_user_groups auth_user_groups_pkey; Type: CONSTRAINT; Schema: public; Owner: postgres
--

ALTER TABLE ONLY public.auth_user_groups
    ADD CONSTRAINT auth_user_groups_pkey PRIMARY KEY (id);


--
-- TOC entry 4743 (class 2606 OID 95279)
-- Name: auth_user_groups auth_user_groups_user_id_group_id_94350c0c_uniq; Type: CONSTRAINT; Schema: public; Owner: postgres
--

ALTER TABLE ONLY public.auth_user_groups
    ADD CONSTRAINT auth_user_groups_user_id_group_id_94350c0c_uniq UNIQUE (user_id, group_id);


--
-- TOC entry 4734 (class 2606 OID 95239)
-- Name: auth_user auth_user_pkey; Type: CONSTRAINT; Schema: public; Owner: postgres
--

ALTER TABLE ONLY public.auth_user
    ADD CONSTRAINT auth_user_pkey PRIMARY KEY (id);


--
-- TOC entry 4746 (class 2606 OID 95253)
-- Name: auth_user_user_permissions auth_user_user_permissions_pkey; Type: CONSTRAINT; Schema: public; Owner: postgres
--

ALTER TABLE ONLY public.auth_user_user_permissions
    ADD CONSTRAINT auth_user_user_permissions_pkey PRIMARY KEY (id);


--
-- TOC entry 4749 (class 2606 OID 95293)
-- Name: auth_user_user_permissions auth_user_user_permissions_user_id_permission_id_14a6b632_uniq; Type: CONSTRAINT; Schema: public; Owner: postgres
--

ALTER TABLE ONLY public.auth_user_user_permissions
    ADD CONSTRAINT auth_user_user_permissions_user_id_permission_id_14a6b632_uniq UNIQUE (user_id, permission_id);


--
-- TOC entry 4737 (class 2606 OID 95328)
-- Name: auth_user auth_user_username_key; Type: CONSTRAINT; Schema: public; Owner: postgres
--

ALTER TABLE ONLY public.auth_user
    ADD CONSTRAINT auth_user_username_key UNIQUE (username);


--
-- TOC entry 4752 (class 2606 OID 95314)
-- Name: django_admin_log django_admin_log_pkey; Type: CONSTRAINT; Schema: public; Owner: postgres
--

ALTER TABLE ONLY public.django_admin_log
    ADD CONSTRAINT django_admin_log_pkey PRIMARY KEY (id);


--
-- TOC entry 4714 (class 2606 OID 95213)
-- Name: django_content_type django_content_type_app_label_model_76bd3d3b_uniq; Type: CONSTRAINT; Schema: public; Owner: postgres
--

ALTER TABLE ONLY public.django_content_type
    ADD CONSTRAINT django_content_type_app_label_model_76bd3d3b_uniq UNIQUE (app_label, model);


--
-- TOC entry 4716 (class 2606 OID 95211)
-- Name: django_content_type django_content_type_pkey; Type: CONSTRAINT; Schema: public; Owner: postgres
--

ALTER TABLE ONLY public.django_content_type
    ADD CONSTRAINT django_content_type_pkey PRIMARY KEY (id);


--
-- TOC entry 4712 (class 2606 OID 95205)
-- Name: django_migrations django_migrations_pkey; Type: CONSTRAINT; Schema: public; Owner: postgres
--

ALTER TABLE ONLY public.django_migrations
    ADD CONSTRAINT django_migrations_pkey PRIMARY KEY (id);


--
-- TOC entry 4756 (class 2606 OID 95341)
-- Name: django_session django_session_pkey; Type: CONSTRAINT; Schema: public; Owner: postgres
--

ALTER TABLE ONLY public.django_session
    ADD CONSTRAINT django_session_pkey PRIMARY KEY (session_key);


--
-- TOC entry 4760 (class 2606 OID 95351)
-- Name: vacations_country vacations_country_name_key; Type: CONSTRAINT; Schema: public; Owner: postgres
--

ALTER TABLE ONLY public.vacations_country
    ADD CONSTRAINT vacations_country_name_key UNIQUE (name);


--
-- TOC entry 4762 (class 2606 OID 95349)
-- Name: vacations_country vacations_country_pkey; Type: CONSTRAINT; Schema: public; Owner: postgres
--

ALTER TABLE ONLY public.vacations_country
    ADD CONSTRAINT vacations_country_pkey PRIMARY KEY (id);


--
-- TOC entry 4778 (class 2606 OID 95381)
-- Name: vacations_like vacations_like_pkey; Type: CONSTRAINT; Schema: public; Owner: postgres
--

ALTER TABLE ONLY public.vacations_like
    ADD CONSTRAINT vacations_like_pkey PRIMARY KEY (id);


--
-- TOC entry 4781 (class 2606 OID 95398)
-- Name: vacations_like vacations_like_user_id_vacation_id_7c75a984_uniq; Type: CONSTRAINT; Schema: public; Owner: postgres
--

ALTER TABLE ONLY public.vacations_like
    ADD CONSTRAINT vacations_like_user_id_vacation_id_7c75a984_uniq UNIQUE (user_id, vacation_id);


--
-- TOC entry 4765 (class 2606 OID 95359)
-- Name: vacations_role vacations_role_name_key; Type: CONSTRAINT; Schema: public; Owner: postgres
--

ALTER TABLE ONLY public.vacations_role
    ADD CONSTRAINT vacations_role_name_key UNIQUE (name);


--
-- TOC entry 4767 (class 2606 OID 95357)
-- Name: vacations_role vacations_role_pkey; Type: CONSTRAINT; Schema: public; Owner: postgres
--

ALTER TABLE ONLY public.vacations_role
    ADD CONSTRAINT vacations_role_pkey PRIMARY KEY (id);


--
-- TOC entry 4770 (class 2606 OID 95367)
-- Name: vacations_user vacations_user_email_key; Type: CONSTRAINT; Schema: public; Owner: postgres
--

ALTER TABLE ONLY public.vacations_user
    ADD CONSTRAINT vacations_user_email_key UNIQUE (email);


--
-- TOC entry 4772 (class 2606 OID 95365)
-- Name: vacations_user vacations_user_pkey; Type: CONSTRAINT; Schema: public; Owner: postgres
--

ALTER TABLE ONLY public.vacations_user
    ADD CONSTRAINT vacations_user_pkey PRIMARY KEY (id);


--
-- TOC entry 4776 (class 2606 OID 95375)
-- Name: vacations_vacation vacations_vacation_pkey; Type: CONSTRAINT; Schema: public; Owner: postgres
--

ALTER TABLE ONLY public.vacations_vacation
    ADD CONSTRAINT vacations_vacation_pkey PRIMARY KEY (id);


--
-- TOC entry 4722 (class 1259 OID 95334)
-- Name: auth_group_name_a6ea08ec_like; Type: INDEX; Schema: public; Owner: postgres
--

CREATE INDEX auth_group_name_a6ea08ec_like ON public.auth_group USING btree (name varchar_pattern_ops);


--
-- TOC entry 4727 (class 1259 OID 95275)
-- Name: auth_group_permissions_group_id_b120cbf9; Type: INDEX; Schema: public; Owner: postgres
--

CREATE INDEX auth_group_permissions_group_id_b120cbf9 ON public.auth_group_permissions USING btree (group_id);


--
-- TOC entry 4730 (class 1259 OID 95276)
-- Name: auth_group_permissions_permission_id_84c5c92e; Type: INDEX; Schema: public; Owner: postgres
--

CREATE INDEX auth_group_permissions_permission_id_84c5c92e ON public.auth_group_permissions USING btree (permission_id);


--
-- TOC entry 4717 (class 1259 OID 95261)
-- Name: auth_permission_content_type_id_2f476e4b; Type: INDEX; Schema: public; Owner: postgres
--

CREATE INDEX auth_permission_content_type_id_2f476e4b ON public.auth_permission USING btree (content_type_id);


--
-- TOC entry 4738 (class 1259 OID 95291)
-- Name: auth_user_groups_group_id_97559544; Type: INDEX; Schema: public; Owner: postgres
--

CREATE INDEX auth_user_groups_group_id_97559544 ON public.auth_user_groups USING btree (group_id);


--
-- TOC entry 4741 (class 1259 OID 95290)
-- Name: auth_user_groups_user_id_6a12ed8b; Type: INDEX; Schema: public; Owner: postgres
--

CREATE INDEX auth_user_groups_user_id_6a12ed8b ON public.auth_user_groups USING btree (user_id);


--
-- TOC entry 4744 (class 1259 OID 95305)
-- Name: auth_user_user_permissions_permission_id_1fbb5f2c; Type: INDEX; Schema: public; Owner: postgres
--

CREATE INDEX auth_user_user_permissions_permission_id_1fbb5f2c ON public.auth_user_user_permissions USING btree (permission_id);


--
-- TOC entry 4747 (class 1259 OID 95304)
-- Name: auth_user_user_permissions_user_id_a95ead1b; Type: INDEX; Schema: public; Owner: postgres
--

CREATE INDEX auth_user_user_permissions_user_id_a95ead1b ON public.auth_user_user_permissions USING btree (user_id);


--
-- TOC entry 4735 (class 1259 OID 95329)
-- Name: auth_user_username_6821ab7c_like; Type: INDEX; Schema: public; Owner: postgres
--

CREATE INDEX auth_user_username_6821ab7c_like ON public.auth_user USING btree (username varchar_pattern_ops);


--
-- TOC entry 4750 (class 1259 OID 95325)
-- Name: django_admin_log_content_type_id_c4bce8eb; Type: INDEX; Schema: public; Owner: postgres
--

CREATE INDEX django_admin_log_content_type_id_c4bce8eb ON public.django_admin_log USING btree (content_type_id);


--
-- TOC entry 4753 (class 1259 OID 95326)
-- Name: django_admin_log_user_id_c564eba6; Type: INDEX; Schema: public; Owner: postgres
--

CREATE INDEX django_admin_log_user_id_c564eba6 ON public.django_admin_log USING btree (user_id);


--
-- TOC entry 4754 (class 1259 OID 95343)
-- Name: django_session_expire_date_a5c62663; Type: INDEX; Schema: public; Owner: postgres
--

CREATE INDEX django_session_expire_date_a5c62663 ON public.django_session USING btree (expire_date);


--
-- TOC entry 4757 (class 1259 OID 95342)
-- Name: django_session_session_key_c0390e0f_like; Type: INDEX; Schema: public; Owner: postgres
--

CREATE INDEX django_session_session_key_c0390e0f_like ON public.django_session USING btree (session_key varchar_pattern_ops);


--
-- TOC entry 4758 (class 1259 OID 95382)
-- Name: vacations_country_name_67109812_like; Type: INDEX; Schema: public; Owner: postgres
--

CREATE INDEX vacations_country_name_67109812_like ON public.vacations_country USING btree (name varchar_pattern_ops);


--
-- TOC entry 4779 (class 1259 OID 95409)
-- Name: vacations_like_user_id_0d938fb2; Type: INDEX; Schema: public; Owner: postgres
--

CREATE INDEX vacations_like_user_id_0d938fb2 ON public.vacations_like USING btree (user_id);


--
-- TOC entry 4782 (class 1259 OID 95410)
-- Name: vacations_like_vacation_id_0ea63ac8; Type: INDEX; Schema: public; Owner: postgres
--

CREATE INDEX vacations_like_vacation_id_0ea63ac8 ON public.vacations_like USING btree (vacation_id);


--
-- TOC entry 4763 (class 1259 OID 95383)
-- Name: vacations_role_name_b4c311ab_like; Type: INDEX; Schema: public; Owner: postgres
--

CREATE INDEX vacations_role_name_b4c311ab_like ON public.vacations_role USING btree (name varchar_pattern_ops);


--
-- TOC entry 4768 (class 1259 OID 95389)
-- Name: vacations_user_email_2872b618_like; Type: INDEX; Schema: public; Owner: postgres
--

CREATE INDEX vacations_user_email_2872b618_like ON public.vacations_user USING btree (email varchar_pattern_ops);


--
-- TOC entry 4773 (class 1259 OID 95390)
-- Name: vacations_user_role_id_006f76ab; Type: INDEX; Schema: public; Owner: postgres
--

CREATE INDEX vacations_user_role_id_006f76ab ON public.vacations_user USING btree (role_id);


--
-- TOC entry 4774 (class 1259 OID 95396)
-- Name: vacations_vacation_country_id_c6b1383e; Type: INDEX; Schema: public; Owner: postgres
--

CREATE INDEX vacations_vacation_country_id_c6b1383e ON public.vacations_vacation USING btree (country_id);


--
-- TOC entry 4784 (class 2606 OID 95270)
-- Name: auth_group_permissions auth_group_permissio_permission_id_84c5c92e_fk_auth_perm; Type: FK CONSTRAINT; Schema: public; Owner: postgres
--

ALTER TABLE ONLY public.auth_group_permissions
    ADD CONSTRAINT auth_group_permissio_permission_id_84c5c92e_fk_auth_perm FOREIGN KEY (permission_id) REFERENCES public.auth_permission(id) DEFERRABLE INITIALLY DEFERRED;


--
-- TOC entry 4785 (class 2606 OID 95265)
-- Name: auth_group_permissions auth_group_permissions_group_id_b120cbf9_fk_auth_group_id; Type: FK CONSTRAINT; Schema: public; Owner: postgres
--

ALTER TABLE ONLY public.auth_group_permissions
    ADD CONSTRAINT auth_group_permissions_group_id_b120cbf9_fk_auth_group_id FOREIGN KEY (group_id) REFERENCES public.auth_group(id) DEFERRABLE INITIALLY DEFERRED;


--
-- TOC entry 4783 (class 2606 OID 95256)
-- Name: auth_permission auth_permission_content_type_id_2f476e4b_fk_django_co; Type: FK CONSTRAINT; Schema: public; Owner: postgres
--

ALTER TABLE ONLY public.auth_permission
    ADD CONSTRAINT auth_permission_content_type_id_2f476e4b_fk_django_co FOREIGN KEY (content_type_id) REFERENCES public.django_content_type(id) DEFERRABLE INITIALLY DEFERRED;


--
-- TOC entry 4786 (class 2606 OID 95285)
-- Name: auth_user_groups auth_user_groups_group_id_97559544_fk_auth_group_id; Type: FK CONSTRAINT; Schema: public; Owner: postgres
--

ALTER TABLE ONLY public.auth_user_groups
    ADD CONSTRAINT auth_user_groups_group_id_97559544_fk_auth_group_id FOREIGN KEY (group_id) REFERENCES public.auth_group(id) DEFERRABLE INITIALLY DEFERRED;


--
-- TOC entry 4787 (class 2606 OID 95280)
-- Name: auth_user_groups auth_user_groups_user_id_6a12ed8b_fk_auth_user_id; Type: FK CONSTRAINT; Schema: public; Owner: postgres
--

ALTER TABLE ONLY public.auth_user_groups
    ADD CONSTRAINT auth_user_groups_user_id_6a12ed8b_fk_auth_user_id FOREIGN KEY (user_id) REFERENCES public.auth_user(id) DEFERRABLE INITIALLY DEFERRED;


--
-- TOC entry 4788 (class 2606 OID 95299)
-- Name: auth_user_user_permissions auth_user_user_permi_permission_id_1fbb5f2c_fk_auth_perm; Type: FK CONSTRAINT; Schema: public; Owner: postgres
--

ALTER TABLE ONLY public.auth_user_user_permissions
    ADD CONSTRAINT auth_user_user_permi_permission_id_1fbb5f2c_fk_auth_perm FOREIGN KEY (permission_id) REFERENCES public.auth_permission(id) DEFERRABLE INITIALLY DEFERRED;


--
-- TOC entry 4789 (class 2606 OID 95294)
-- Name: auth_user_user_permissions auth_user_user_permissions_user_id_a95ead1b_fk_auth_user_id; Type: FK CONSTRAINT; Schema: public; Owner: postgres
--

ALTER TABLE ONLY public.auth_user_user_permissions
    ADD CONSTRAINT auth_user_user_permissions_user_id_a95ead1b_fk_auth_user_id FOREIGN KEY (user_id) REFERENCES public.auth_user(id) DEFERRABLE INITIALLY DEFERRED;


--
-- TOC entry 4790 (class 2606 OID 95315)
-- Name: django_admin_log django_admin_log_content_type_id_c4bce8eb_fk_django_co; Type: FK CONSTRAINT; Schema: public; Owner: postgres
--

ALTER TABLE ONLY public.django_admin_log
    ADD CONSTRAINT django_admin_log_content_type_id_c4bce8eb_fk_django_co FOREIGN KEY (content_type_id) REFERENCES public.django_content_type(id) DEFERRABLE INITIALLY DEFERRED;


--
-- TOC entry 4791 (class 2606 OID 95320)
-- Name: django_admin_log django_admin_log_user_id_c564eba6_fk_auth_user_id; Type: FK CONSTRAINT; Schema: public; Owner: postgres
--

ALTER TABLE ONLY public.django_admin_log
    ADD CONSTRAINT django_admin_log_user_id_c564eba6_fk_auth_user_id FOREIGN KEY (user_id) REFERENCES public.auth_user(id) DEFERRABLE INITIALLY DEFERRED;


--
-- TOC entry 4794 (class 2606 OID 95399)
-- Name: vacations_like vacations_like_user_id_0d938fb2_fk_vacations_user_id; Type: FK CONSTRAINT; Schema: public; Owner: postgres
--

ALTER TABLE ONLY public.vacations_like
    ADD CONSTRAINT vacations_like_user_id_0d938fb2_fk_vacations_user_id FOREIGN KEY (user_id) REFERENCES public.vacations_user(id) DEFERRABLE INITIALLY DEFERRED;


--
-- TOC entry 4795 (class 2606 OID 95404)
-- Name: vacations_like vacations_like_vacation_id_0ea63ac8_fk_vacations_vacation_id; Type: FK CONSTRAINT; Schema: public; Owner: postgres
--

ALTER TABLE ONLY public.vacations_like
    ADD CONSTRAINT vacations_like_vacation_id_0ea63ac8_fk_vacations_vacation_id FOREIGN KEY (vacation_id) REFERENCES public.vacations_vacation(id) DEFERRABLE INITIALLY DEFERRED;


--
-- TOC entry 4792 (class 2606 OID 95384)
-- Name: vacations_user vacations_user_role_id_006f76ab_fk_vacations_role_id; Type: FK CONSTRAINT; Schema: public; Owner: postgres
--

ALTER TABLE ONLY public.vacations_user
    ADD CONSTRAINT vacations_user_role_id_006f76ab_fk_vacations_role_id FOREIGN KEY (role_id) REFERENCES public.vacations_role(id) DEFERRABLE INITIALLY DEFERRED;


--
-- TOC entry 4793 (class 2606 OID 95391)
-- Name: vacations_vacation vacations_vacation_country_id_c6b1383e_fk_vacations_country_id; Type: FK CONSTRAINT; Schema: public; Owner: postgres
--

ALTER TABLE ONLY public.vacations_vacation
    ADD CONSTRAINT vacations_vacation_country_id_c6b1383e_fk_vacations_country_id FOREIGN KEY (country_id) REFERENCES public.vacations_country(id) DEFERRABLE INITIALLY DEFERRED;


-- Completed on 2025-08-27 18:22:31

--
-- PostgreSQL database dump complete
--

